id,comment,,
1,: 太美了><,,
2,: 屋哩Jisoo不管什麼表情都是最漂亮♡,,
3,: 燦笑但是不會歪臉的人才能當偶像,,
4,: 她大笑時候看起來超療癒,,
5,: 任何時候都很漂亮的Jisoo,,
6,: 韓國人喜歡大牙齒 台灣人審美偏好小牙齒,,
7,: 每次看到jisoo都會讓人心情很好啊<3,,
8,: 美到要死了♥,,
9,: 看了心情很好～,,
10,: 超美…,,
11,: 真的笑起來超美超好看！！！,,
12,: 一直以為是貼片，居然是真的,,
13,: 這什麼爛標題,,
14,: 標題,,
15,: 記者擺爛了,,
16,: 擺你媽爛 妓者才在擺爛還厚臉皮發垃圾新聞,,
17,: 什麼爛標題,,
18,: 噓標題 噓記者,,
19,: 林坤緯,,
20,: 這什麼爛標題,,
21,: 垃圾標題,,
22,: 標題太爛 明明內文寫得很好,,
23,: 這標題好惡意,,
24,: 這標題很有微博味道,,
25,: 記者,,
26,: 老哥 標題過份了==,,
27,: 這個標題,,
28,: 人家也很努力在學好嗎,,
29,: 看這內文，這記者肯定覺得自己很有幽默,,
30,: 感…,,
31,: 看了一下是哪一家的,,
32,: 喔 TVBS,,
33,: 不意外,,
34,: 祝福記者你遇到真正擺爛同事被拖累哈,,
35,: 哈哈哈哈,,
36,: ？？,,
37,: 記者有夠狠 連Jisoo也要搞,,
38,: 媒體比較擺爛,,
39,: 所以人家是巨星 你是記者,,
40,: 明明是可愛的新聞為什麼要用負面的標題,,
41,: 呢,,
42,: 標題有料,,
43,: 記者一定討厭JISOO,,
44,: 標題直接罵人耶？,,
45,: 這記者也是蠻厚臉皮的,,
46,: .,,
47,: 爛標題,,
48,: 噓標題，大記者才擺爛,,
49,: 厚你妹 什麼爛標題,,
50,: 台媒,,
51,: 記者最爛,,
52,: 記者真好當，超會擺爛,,
53,: 林坤緯這什麼記者的水準...你比她爛,,
54,: 多了好嗎？有什麼資格寫,,
55,: 垃圾標題,,
56,: 推海外生存法則XD,,
57,: 笑死我也是 去國外找家人的時候獨自,,
58,: 行動都硬著頭皮自己上 跟家人同行立,,
59,: 刻轉換成微笑點頭 放棄開口哈哈哈,,
60,: 笑死XDD,,
61,: 聽得懂已經很厲害了,,
62,: 好可愛,,
63,: 不是我剛剛想了一下會講英文的智秀 好,,
64,: 像有點性感（？,,
65,: 笑死大明星跟我出國行為差不多,,
66,: 果然是四次元大姐 可愛死了哈哈哈哈,,
67,: 她真的好可愛，很適合綜藝~,,
68,: 她進步很多 之前是呆住聽嘸 現在能回話了,,
69,: 告白智秀 真可愛,,
70,: 好可愛,,
71,: 可愛！有夠率真！,,
72,: Jisoo的個性真的很好耶 本來無感但看了,,
73,: 她的Blog有被圈粉 漂亮又有趣,,
74,: *vlog (自動選字???,,
75,: 越來越喜歡她欸 好真實 好可愛！！,,
76,: papago真的是偉大發明,,
77,: 好real,,
78,: 她好可愛XDDD,,
79,: 沒必要我來講XDDDDDDD,,
80,: 去國外直接躺平哈哈,,
81,: solo的Jisoo超圈粉～非粉看了她上,,
82,: 泳知的節目吸氦氣講話超可愛，無意,,
83,: 間搜到她自創兒歌氦氣頌，真的被可,,
84,: 愛到～連看好幾遍XD,,
85,: 超可愛！！,,
86,: 生存法則好實用 XD,,
87,: 真性情超可愛,,
88,: 又美又可愛QQ,,
89,: 好可愛,,
90,: https://youtu.be/gUmE_TRdp0s,,
91,: 話最少,,
92,: 好可愛,,
93,: 真的好可愛,,
94,: 推堂堂正正的Jisoo XD,,
95,: Jisoo 真的很漂亮欸 其實把她從bp單獨拉出,,
96,: 來看的話 好感度大增,,
97,: Jisoo個性真的超級有趣 希望以後有機,,
98,: 會可以多上綜藝XD,,
99,: 哇……那她海外大秀跟那些藝術總監是要,,
100,: 怎麼接？隨行翻譯不離身？覺得既然她在,,
101,: 國外都有那麼多活動，被品牌方那麼重視,,
102,: ，就算英文不好，也應該要嘗試努力學習,,
103,: 吧…,,
104,: 身處這種工作環境，兩手一攤不怎麼需要,,
105,: 我自己出馬的態度，就不是瀟灑了欸……,,
106,: 你怎麼知道她沒有在努力學習？,,
107,: 有些人真的管很多==,,
108,: Jisoo越來越好笑了 拜託多上點綜藝XD,,
109,: 她就說她聽得懂了啊 單獨出席品牌活動也都,,
110,: 自己說英文 是在團體裡的時候交給更流利的,,
111,: 團員而已很合理吧,,
112,: 他從不會英文 到都聽得懂 算進步很多了吧,,
113,: 而且他單獨的時候也會說 只是團體的時候交,,
114,: 給其他成員,,
115,: 她不就是努力學習從聽不懂到聽得懂了嗎,,
116,: 你怎麼知道她沒有努力學習 藝術總監就是愛,,
117,: 她啊 不然怎麼能成為第一位登上法國VOGUE,,
118,: 的亞洲人,,
119,: 反正Dior高層講法文吧？交給專業翻譯就,,
120,: 好,,
121,: 看昨天的carpool就知道 她其實進步很多,,
122,: 了 只是跟英文好的其他成員們在一起沒,,
123,: 必要硬講罷了,,
124,: 老哥 你怎知她沒努力學習==,,
125,: 看到她講英文的一點片段,其實還有模有樣的..,
126,: 智秀英文進步超多的！,,
127,: 我和英文好的朋友一起也是擺爛XD,,
128,: 看她YT影片就知道了 她英文算不錯了好嗎= =,,
129,: 大概除了BP跟ITZY 在其他團搞不好就是英語,,
130,: 擔當了,,
131,: 這也太可愛 快笑死 XD,,
132,: 吼唷 有夠可愛,,
133,: 現在每團多少都有海歸或外國人吧XDD,,
134,: 這個訪談講得很清楚了啊,,
135,: 團體活動的時候就讓其他英文更好的成,,
136,: 員講英文,,
137,: 海外生存法則太好笑XDDD,,
138,: 這樣的Jisoo有夠圈粉！好喜歡她上綜藝,,
139,: 真誠的樣子，好有趣！,,
140,: 有強者我朋友的時候擺爛躺平很正常吧XD,,
141,: 而且綜藝當梗自嘲不表示他完全不會講啊,,
142,: 推推,,
143,: 別團都不會有路人這樣要求英文程度，,,
144,: 就只有Jisoo的英文老師特別多(￣▽￣),,
145,: https://reurl.cc/MRmVgL,,
146,: 好可愛,,
147,: Jisoo個性真的圈粉,,
148,: 她只是在謙虛啦，基本的會，而且根本不,,
149,: 用輪到鄉民來替她擔心英文好嗎？我真的,,
150,: 笑死,,
151,: 要找jisoo出席的人根本不在乎幫她請翻譯,,
152,: 或是她不會英文好嗎？XD,,
153,: 太真實了XDDD,,
154,: 他最近的綜藝節目好圈粉喔，是個跟長相,,
155,: 差很多直爽的女生,,
156,: 她個性本來就超適合上綜藝了XD,,
157,: 她在海外演唱會上真的很明顯比較話少只,,
158,: 附和一些單字和做反應XD 真的都交給妹,,
159,: 妹們就好XD 但我覺得小可惜 其實她可以,,
160,: 說韓文啊～想聽～,,
161,: 她個性很古怪可愛耶 而且她新歌有點圈,,
162,: 粉耶,,
163,: 很真實 交給英文最好的朋友來XDD,,
164,: 被她的烏拉拉可愛到了 好可愛哦,,
165,: Jisoo個性超可愛 不用擔心她怎麼跟藝術,,
166,: 總監聊天 人家把她當親女兒寶貝勒 她個,,
167,: 人出席活動也會講 影片很多,,
168,: YG不是語言老師很強 真的要多幫他上英文,,
169,: 這樣跟奢侈品高層或國外人士溝通會更順利,,
170,: 有進步就好 語言真的很難短期進步 加油,,
171,: 真的很喜歡智秀的個性，他在weverse回覆,,
172,: 粉絲的留言很多也很好笑,,
173,: 她超圈路人粉的XD長超漂亮結果個性這麼,,
174,: 有趣,,
175,: 她就承認自己英文普通還有人要硬說去別,,
176,: 團可以當英文擔當,,
177,: 好圈粉 超可愛！,,
178,: 樓上擔心她英文溝通的是住海邊嗎快笑死,,
179,: 品牌不知道砸多少錢請她代言了還有人要擔心,,
180,: 她溝通不順利 是以為她要自己去投履歷嗎XD,,
181,: 她只要微笑就夠了，美到爆炸，不用言語,,
182,: 好可愛,,
183,: 所以說現在大部分團都有海歸或外國人,,
184,: ，去別團也輪不到她啦哈哈哈,,
185,: 昨天推文沒改好就送出了,,
186,: 到底為什麼會有人覺得她會溝通不順,,
187,: XDDD,,
188,: 說的好像KPOP外籍成員就一定是英語母語一樣,,
189,: 人家是JISOO 不是你還要去考托福跟雅思,,
190,: 現實就是不可能去別團，你硬要在這邊,,
191,: 跟酸民槓給Jisoo招黑那就請繼續,,
192,: 現實就是不是外籍成員就是英語母語好嗎,,
193,: 要放大絕就早點放 不是說了漏洞百出的話才,,
194,: 在那邊放大絕,,
195,: 那句意思也不是說他可以去別團 是要表達英,,
196,: 語能力是相對不是絕對 還在那邊嫌她英語不,,
197,: 夠好 真的杞人憂天,,
198,: 不是粉 但她個性真可愛 多上綜藝吧,,
199,: 為啥有人在幫他擔心英文阿  他明星耶XD,,
200,: 真想要有Jisoo這種個性的朋友，很豁然開,,
201,: 朗的感覺,,
202,: 說進軍英語市場要練英文就算了，上面,,
203,: 說看秀都是去法國耶xd 而且以Dior想搶,,
204,: 人的態度，能不能溝通是Dior的問題吧,,
205,: 完蛋 有點愛上她了 性格真的好棒,,
206,: 好可愛 希望多上綜藝,,
207,: 印象很深刻他去法國dior看秀前官方有帶,,
208,: 他看後台介紹 然後他一直說i love it i,,
209,:  love this color超可愛 然後dior直接,,
210,: 把秀說i love it的那個包送他Xdd,,
211,: https://youtu.be/5lYweLMdSGI,,
212,: 樓上是說這影片0:36秒那個包?,,
213,: I love this color腦袋馬上出現聲音XD,,
214,: 生活法則 i love it , so cute ,so see
215,: t ,i love this flower,
216,: 然後FLOWER(???,,
217,: *so sweet,,
218,: 對就是那個,,
219,:  https://youtu.be/emzxrZAHWYo,,
220,: 大谷翔平沒在講英文的,,
221,: 當初公司與其因為她的臉送去演戲，不如,,
222,: 因為個性讓她走綜藝XD好有效果,,
223,: 強者朋友在身旁的時候進入軟爛模式很正,,
224,: 常吧XDDD,,
225,: Jisoo常常蹦出英文金句 超好笑,,
226,: 有朋友幹嘛要我講XD,,
227,: “Your English is a pity.”,,
228,:                        — Kim Jisoo,,
229,: 性格超圈粉的，雖然沒準備什麼菜也,,
230,: 很好看！,,
231,: She's Jisoo. She's okay.,,
232,: 她個性很坦然，替隊友驕傲，不會有比較心,,
233,:  很優,,
234,: Jisoo 的個性真的很圈粉 很有親和力,,
235,: 好可愛….整個淪陷,,
236,: Jisoo真的比我想像中還要活播可愛 喜歡,,
237,: 活潑,,
238,: 可愛,,
239,: 他年薪搞不好都好幾億了 不講英文也沒關,,
240,: 西啦,,
241,: XDD,,
242,: b站flowe二創搭中文歌 很洗腦,,
243,: 跑掉真的太不給面子了XD 其他狗狗都很,,
244,: 可愛的呀,,
245,: 手指不怕被Comme Des咬到嗎？www,,
246,: Garcons超不配合爸爸XD,,
247,: https://youtu.be/ORF_S3BoZn4,,
248,: Comme Des 真的是不意外XDD 全會長的,,
249,: 翻譯機需要借給KEY了,,
250,: 順著逃走好可愛XD,,
251,: 笑死,,
252,: 不配合的兒子們XD,,
253,: XDDD,,
254,: 超好笑kk,,
255,: 真的好好笑XD,,
256,: 超不配合xdddd,,
257,: 好好笑XDDDDDDD,,
258,: XDDD,,
259,: 超不配合的呆慫XD,,
260,: 超可愛的,,
261,: 哈哈,,
262,: 這麼無聊的新聞也要特地翻出來= =,,
263,: 不就一個舞蹈動作而已 IVE的Love Dive也有,,
264,: 類似動作啊 還比較像勒,,
265,: 起初發這種新聞，難不成是想圖一個音樂,,
266,: 逆襲？→_→,,
267,: 覺得蠻有趣的啊XD,,
268,: 就好玩啊,,
269,: 有人的幽默感死去,,
270,: 他們在bigbang 那時就很有名了,,
271,: 以前還有自己的粉絲還有自製週邊他們一,,
272,: 直很有名啊哈哈,,
273,: SMF他們也有參加不是嗎,,
274,: 雙胞胎BB21時代就很紅了 我還買過台,,
275,: 灣雙權後援會的應援物XD,,
276,: 早在SWF之前電視台就剪過他們的直拍,,
277,: 雙權怎麼也都沒變！BB時代就很紅了,,
278,: 真的帥,,
279,: 雙胞胎不是已經紅很久了XD,,
280,: 但smf的表現，覺得妹妹亮眼很多xd,,
281,: 雙權紅很久了啦但真的很帥哈哈哈,,
282,: 雙權我這個不飯歪居家的都認識XD,,
283,: 權雙還當過YG練習生呢，跟昇潤、秦禹,,
284,: 同團練習過,,
285,: 只有一位當過練習生啦 忘記是哥哥還,,
286,: 弟弟了,,
287,: 他們還有直拍 官方人氣歌謠有上傳我,,
288,: 看好多次,,
289,: 推一下帥哥雙權XD,,
290,: 權雙是我入Kpop圈最早認識的舞者哈哈,,
291,: 有開IG嗎,,
292,: 是弟弟！但他也沒有當很久就又回去跳,,
293,: 舞了,,
294,: 推雙權,,
295,: 看yt很多人說追BP都知道他們,,
296,: 但雙權真的在BB 21超紅,,
297,: 最經典真的是CL MTBD演唱會影片吧,,
298,: https://youtu.be/9kmFZ1ZZ2Oo,,
299,: 弟弟唱歌很好聽,,
300,: 有什麼好肉搜的哈哈 雙權至少紅10年,,
301,: 有了吧,,
302,: 雙權每一首伴舞都很容易分到觀眾目光,,
303,: 但21的GO AWAY回歸舞台特別經典,,
304,: https://youtu.be/vbN6vxG52RY,,
305,: 雙權在BB時期就很有名了啊,,
306,: https://youtu.be/cQ6xU7SSEn4 MTBD超,,
307,: 經典,,
308,: 他們IG可能比一堆偶像還多,,
309,: 我還以為是指誰 雙權真的是從BB時期就,,
310,: 知道了XD,,
311,: GD還曾開玩笑說粉絲送他們的禮物比送給BB,,
312,: 的多,,
313,: 看到標題也以為是別的dancer，沒想到還是,,
314,: 雙權，雙權是不需要粉絲肉搜的程度吧XD,,
315,: 不認識的人應該很年輕XD,,
316,: 雙權需要用男舞者當標題嗎XD還以為講別,,
317,: 人,,
318,: 影片剛出就有發現，超可愛,,
319,: 居然在這裡看到雙權的新聞 想到21來台灣開,,
320,: 演唱會的時候 我幾度被他們兄弟吸過去XDD,,
321,: 以前就很有名了啊XD,,
322,: 雙權還有需要肉搜嗎哈哈哈,,
323,: 雙權真滴帥,,
324,: 雙權很帥 笑起來更可愛,,
325,: 印象中演唱會有送給雙權的花圈,,
326,: 雙權紅超久了耶,,
327,: 雙權超紅 想認識他們可以去看SMF 雖然一,,
328,: 直被虐但兄弟倆個性真的很好,,
329,: Rose On The Ground時期也有他們的直拍,,
330,: 啊，而且都破百萬XD,,
331,: 又搞台獨,,
332,: 免費廣告賺翻了,,
333,: 我現在覺得屋馬哥是真粉了，居然搶到,,
334,: 一樓,,
335,: 那個台灣製造真的超顯眼笑死,,
336,: 台獨！台獨！,,
337,: XD,,
338,: 支那韭菜：舉報珍妮台獨！！,,
339,: 其實yg已經台獨很多次了，越辱對岸越愛,,
340,: 乳華,,
341,: 騰訊不是有YG持股嗎！？,,
342,: 兩位都很美,,
343,: 乳了XD,,
344,: 一樓真的是真粉了！好愛發囉BP,,
345,: 真的賺死了XD，IG上的品牌名字沒被馬賽克,,
346,: 威技或成最大贏家,,
347,: 滯台中國腦跟五毛小粉紅集體暴怒ing,,
348,: 威技賺爛,,
349,: 躺在家直接賺到ig五百萬讚規模的廣告,,
350,: 寫得好像她真的跟冷氣合照……看照片明明,,
351,: 就背景= =,,
352,: 廣告賺死 省了不知道多少錢XDDD,,
353,: ？？什麼啊哈哈哈,,
354,: 那台冷氣外型好本土XD,,
355,: 基本上小粉紅的對策是越台獨越辱華越愛，,,
356,: YG不要怕他們會照樣買單的,,
357,: 冷氣算是對鏡自拍入鏡，但廠商名字很明,,
358,: 顯XD,,
359,: 小粉紅：台獨實錘了！,,
360,: 只要不是中華民國護照都不是原罪越辱越,,
361,: 香,,
362,: https://i.imgur.com/Jvx1PgY.jpg,,
363,: 第二張,,
364,: 證明只要紅到全世界 小粉紅崩潰也沒,,
365,: 半點影響,,
366,: 小粉紅看到會氣噗噗,,
367,: 笑死 真的很大的廣告,,
368,: 漂亮！,,
369,: 該公司今年不用編廣告預算了XD,,
370,: 廠商一定超開心 賺爛XD,,
371,: 而且現在應該還是香港才能用IG吧，小粉紅,,
372,: 翻牆就被鎖網不用怕,,
373,: 笑死 廣告預算直接省起來,,
374,: 一 台獨 立冷氣機,,
375,: 宣傳台灣兩字應該比品牌效益大吧！刺,,
376,: 激到買冷氣的客群還是有限,,
377,: 在台灣就幫忙業配，一定4台獨份子！,,
378,: 免費廣告,,
379,: 爽啦台獨冷氣機XD,,
380,: 為什麼會放這麼大台的冷氣XD超顯眼超,,
381,: 怪,,
382,: 威技滿好用的！,,
383,: 馬上下訂,,
384,: 紅到全世界 別說抵制 小粉紅自己都會,,
385,: 貼上來  真香,,
386,: 廠商真的賺爛,,
387,: 威技賺到免費的廣告,,
388,: 免費廣告行銷 get,,
389,: XDDD,,
390,: 台灣製造！,,
391,: 真的台獨耶！立刻按讚！！,,
392,: 笑死XDD,,
393,: 以後後台會出現很多免費贊助的東西,,
394,: 這都能高潮？跟小粉紅差不多XD,,
395,: 推台灣製造,,
396,: 威技的大台除濕機超好用的 又便宜,,
397,: 推威技,,
398,: 真的賺爛了！甚至台灣製造超明顯還,,
399,: 兩張XD上次隔壁迪卡酸她們不發台灣,,
400,: 的應該要閉嘴了吧,,
401,: 這廣告效益 賺翻,,
402,: 推台灣製造,,
403,: 好可愛！,,
404,: 突然有強烈的土風舞感 但還是超美,,
405,: 喝醉的Jisoo好可愛,,
406,: 被泳知笑死XD,,
407,: 真的醉了,,
408,: 影片真的笑死 Jisoo也放超開,,
409,: 醉到肚子都紅了XDDDD,,
410,: 感覺舞感更好欸,,
411,: 智秀醉到都站不穩了XD,,
412,: 泳知有一種獨特的魅力，看似搞笑但其實,,
413,: 既成熟又可靠。,,
414,: 難得不會一直看智秀被吸走目光XD,,
415,: 泳知好可愛喔,,
416,: 泳知好適合這首歌哈哈哈,,
417,: Jisoo身材真棒,,
418,: Jisoo這裡跳得還不錯啊！好看,,
419,: Jisoo醉到泳知都堂皇XD,,
420,: 智秀好可愛,,
421,: 專版,,
422,: 超可愛,,
423,: 這期很好笑XD,,
424,: 泳知和地遊裡的斜眼跳法一樣..超好,,
425,: 笑,,
426,: 超好笑 哈哈哈,,
427,: Jisoo超可愛,,
428,: 泳知真的太搞笑了啦XDDD,,
429,: 竟然有韓國留言說像湯唯，害我突然覺得,,
430,: 很像,,
431,: 覺得為什麼酸民和唯粉這麼希望她們不,,
432,: 合，一起走來這麼多年她們看起來感情,,
433,: 很好啊，紅團的黑酸跟毒唯真的很多..,,
434,: .我家也是，只是成員solo沒有在自己i,,
435,: ns上宣傳就被毒唯罵爆,,
436,: 毒唯本來就是笑話，被正主認證,,
437,: 好好笑 有中國內味兒了,,
438,: 剛看完影片 一如既往好笑 Jisoo真的好,,
439,: 可愛><,,
440,: 影片的Jisoo好可愛 很侃侃而談,,
441,: 同團粉絲吵架互尬只是讓藝人為難尷尬,,
442,: 救命！喝醉超可愛,,
443,: Jisoo個性真的很圈粉,,
444,: 毒唯看到自己被正主當笑話不知道會不會,,
445,: 崩潰XD,,
446,: 毒唯有Solo不飯自己犯X去跟團也不知在,,
447,: 想啥,,
448,: 這段真的很好笑 毒唯就是一個笑話,,
449,: 毒唯不會崩潰 會說迫於商業演戲而已,,
450,: 好可愛XD,,
451,: 毒唯是連親姊妹都會罵的那種，罵團員小,,
452,: 意思XD,,
453,: Jisoo超可愛哈哈哈,,
454,: 毒唯真的不會崩潰 但也真的是笑話～ 很,,
455,: 開心她們都不會受到影響 BP本來就是姐,,
456,: 控團在那邊唯什麼唯XD,,
457,: 毒唯真的很神奇XDDD 原來他們也知道自家粉,,
458,: 絲愛網內互打,,
459,: \推推/,,
460,: 哈哈哈 超可愛 jisoo好像真的喝醉了,,
461,: 智秀是看了微博跟豆瓣嗎(X,,
462,: 他們ig就互打了啊,,
463,: 網內互打每個團多多少少 但兩個B字天,,
464,: 團已經量變引發質變 打得特凶,,
465,: 網內互打從二代團開始就有了 只是以前,,
466,: sns比較不發達,,
467,: 網內互打二代就很兇了+1 只是以前沒,,
468,: 有IG，越紅的團毒唯越可怕,,
469,: 她們感覺就是那種 欸他們說我們不合欸,,
470,: Jisoo: 我們原來不合？？？？,,
471,: 剛剛才在珍妮ig看到有人留言「怎麼都沒,,
472,: 幫智秀宣傳」哈哈,,
473,: 哈哈,,
474,: 哈哈哈,,
475,: 覺得BP開著留言真的很了不起，看到很,,
476,: 紅的藝人底下留言常常會覺得黑酸真的,,
477,: 病得不輕,,
478,: 一方面稱讚自家做人很誠懇一方面又說,,
479,: 團魂只是演技...有事？,,
480,: 每次看她們粉絲團內互打都想拿智商測驗,,
481,: 表出來,,
482,: 有夠多狂粉瘋狂讓自己偶像敗好感,,
483,: 喝醉智秀超可愛哈哈哈,,
484,: 智秀超可愛,,
485,: 超好笑,,
486,: 到底是毒唯還是黑粉反串其實我分不出來,,
487,: 動不動就指著人說是黑粉真的很煩,,
488,: https://i.imgur.com/9KhZWda.png,,
489,: 基本上只有XX和他的快樂夥伴類的團才會,,
490,: 有不合的誘因吧？各自都混得好的是要不,,
491,: 合什麼？,,
492,: 但看完這集對jisoo大大改觀..真的情商,,
493,: 很高,,
494,: 人美個性又好~,,
495,: 專版,,
496,: 各自混得好就要比誰混得比較好啊，這,,
497,: 種吵得才兇吧，XX與小夥伴的團基本是,,
498,: 單方霸凌XD,,
499,: 快樂夥伴團要吵什麼，快樂夥伴粉絲又吵,,
500,: 不贏,,
501,: 不是啊，我指的是成員要發展有落差才可,,
502,: 能心裡不平衡導致真不合，不是指粉絲吵,,
503,: 架,,
504,: 在毒唯眼裡看起來可能不是成員各自都混,,
505,: 得好啊XD 整天幻想自己姐姐被打壓,,
506,: 還有一個毒唯奇葩言論：其他成員沒提,,
507,: 到自家要罵；但提了一樣罵成員來蹭自,,
508,: 家流量。,,
509,: Jisoo好可愛～,,
510,: 會互相臭就是感情好啊,,
511,: Jisoo感覺好像很好相處 好可愛,,
512,: 看到某些黑粉一直強調沒有團魂 欺負,,
513,: 團員 就覺得超好笑 Jisoo直接告訴你人,,
514,: 家才懶得理你,,
515,: 某f真的好可憐,,
516,: 她這張宣傳照真的表現力都好好,,
517,: 韓星點？,,
518,: 你這個有幾趴會下去==,,
519,: 過度引申了 人家只是講翻唱也可以扯一堆?,,
520,: 台灣流行音樂沒落就主要都藝人跑去支那賺快,,
521,: 錢 台灣對於其他國家藝人吸引力也弱了,,
522,: 結果也可以推導到本土意識排外的頭上?,,
523,: 真的是莫名其妙,,
524,: 別說了，每次聽Bopeep都會想到彩樺姐害我,,
525,: 每次都想跳過。,,
526,: 笑死，台灣什麼時候本土意識排外了？連對,,
527,: 岸歌手都能唱台語歌發片了，非台灣籍新生,,
528,: 代歌手也不少，不過是整體演藝圈被對岸大,,
529,: 市場吸血還怪東怪西,,
530,: 這篇講的觀點是不錯 但感覺po錯版…,,
531,: 當年台灣如果是堅持自己的東西,,
532,: 讓對岸來投資結果可能就不一樣了…,,
533,: 為了開發對岸市場去迎合對岸口味,,
534,: 反而讓我們沒了特色,,
535,: 這篇論點搞錯什麼了吧?臺灣已經算最,,
536,: 不文化排外的國家了 甚至本土文化都,,
537,: 快消失了還不夠多元包容嗎,,
538,: 也不用說文化了 連語言都要消失了,,
539,: 而且更不用說 即便70-00年代黃金時期 台灣,,
540,": 流行音樂也跟""台灣本土意識""沒甚麼太大關係",,
541,: 好嗎 一堆大中國情懷的歌沒看到嗎? 尤其民,,
542,: 歌時代 甚麼龍的傳人 一翦梅 歸人沙城 就連,,
543,: 張雨生創作的歌也差不多,,
544,: 台灣不包容==？你一定是在跟我開玩笑,,
545,: 這文有點噁心 故意用似是而非的邏輯,,
546,: 台灣娛樂圈大老都還是那些人,,
547,: 跟國族主義無關 就是跟不上時代而已,,
548,: kpop用YT行銷時 台灣還在忙著抓盜版,,
549,: 把問題都推給本土意識很賊,,
550,: 唱別國作家譜的新曲 跟抄著唱的不會分？,,
551,: 開頭沒標題還以為你寫的勒，所以搬這,,
552,: 篇你到底要表達啥？只想分享你回個連,,
553,: 結在原篇底下不就好了？,,
554,: 不懂華語歌壇的來分析華語歌壇，用結果,,
555,: 來論原因,,
556,: 邏輯混亂的文章,,
557,: 這麼認真寫大家噓成這樣，他要解釋的不,,
558,: 就是排外不好嗎,,
559,: 也沒說台灣排外，說的是開頭舉的例子太,,
560,: 國族主義,,
561,: 所以韓星點呢？不是隨便提個BTS就能交,,
562,: 差了欸,,
563,: 認真寫也不代表他的論述就合情合理,,
564,: 哈哈哈超好笑，彩樺姐是台灣濱崎步耶，,,
565,: 當然走在時尚尖端啊XDDD,,
566,: 世界怎麼跟得上台灣,,
567,: 蹭,,
568,: 王彩樺超讚的,,
569,: 保庇已經是12年前了嗎…還記得那時過年,,
570,: 到哪裡都在播這首,,
571,: 抄什麼襲 現在都是致敬、翻玩、臨摹,,
572,:  董？,,
573,: 一樣土倒是真的,,
574,: 但保庇也是翻唱T-ara的歌耶 有點好笑,,
575,: 那是因為翻唱T-ara的歌吧 所以到處都聽得到,,
576,: 啊 不過我大多是聽到T-ara原唱的就是了,,
577,: 誰蹭誰？,,
578,: 復古時尚風，懂？,,
579,: 不虧是台灣濱崎步,,
580,: 後來看韓綜才知道原來王彩樺當年也是致,,
581,: 敬,,
582,: 好險王的開花舞比較早 不然又要被說蹭,,
583,: XD,,
584,: 不愧是台灣濱崎步XD,,
585,: 怎麼跟得上我們彩樺姐,,
586,: 該拍段TikTok挑戰了吧,,
587,: 整篇寫的好像保佑是她的原創曲ㄎ,,
588,: 不愧是台灣濱崎步彩樺姐！XD,,
589,: 世界怎麼跟得上彩樺姐XDD,,
590,: ....包庇是翻唱的耶,,
591,: bobi是翻唱 但舞不是阿XD,,
592,: 王彩樺十三年前當時的保庇是跟韓國,,
593,: 買版權翻唱，台灣當時就一堆韓國翻,,
594,: 唱，信樂團的死了都要愛那些也是，,,
595,: 台灣早就寫不出什麼歌也沒人在寫,,
596,: 台灣明明就有很多創作人 不要你沒聽歌,,
597,:  就說沒人在寫好嗎,,
598,: 推樓上，台灣的問題是資源還握在老一輩,,
599,: 身上，所以才讓人覺得娛樂圈幾十年沒長進,,
600,: ，但新世代的創作力很強,,
601,: 沒翻唱的歌明顯比翻唱多啊 硬要罵耶,,
602,: 翻唱流行歌曲哪國都有好不好…只是以,,
603,: 前不會特別說這件事,,
604,: 以前韓國也是有翻唱過台灣的歌曲欸,,
605,: 台灣很多創作人，清明連假在墾丁的台灣祭,,
606,: 連續整整三天一堆樂團表演，YT還有網路直,,
607,: 播，自己沒在注意沒在聽不代表沒有好嗎？,,
608,: 台灣怎麼可能沒人在寫歌…..每年創作一,,
609,: 大堆好嗎,,
610,: 翻唱跟舞蹈是兩回事啊，又不是抄歌,,
611,: blink就是喜歡這種土味,,
612,: 沒人聽就代表沒有發展的空間,,
613,: 看了一下 原來是冥視 那不EY了,,
614,: 。。。,,
615,: 台灣明明一堆創作人，你不聽不代表沒人,,
616,: 聽欸,,
617,: 屋馬哥又來發揚歧視精神了,,
618,: 台灣早就寫不出什麼歌XD在講什麼鬼笑死,,
619,: 自己沒在聽真的不用公告周知欸,,
620,: https://i.imgur.com/cNngcTL.jpg,,
621,: 很可愛呀,,
622,: 彩樺姐很讚欸…,,
623,: 彩樺姊就是走得這麼前面,,
624,: 看好了世界!!XD,,
625,: 不是龜派氣功嗎,,
626,: 不過啊!讓更多台灣人知道JISOO新歌,,
627,: 更:不錯啊!,,
628,: 哎呀某人怎麼從我黑名單放出來了^^還,,
629,: 是一樣惹人厭,,
630,: 自己沒在聽還敢這麼大聲ㄏ,,
631,: 爛標題,,
632,: 下面那篇是風傳媒寫的 不是民視,,
633,: 你也是不EY,,
634,: 當時只知道歌是翻T-ara的，現在才知道舞也,,
635,: 是耶！XD,,
636,: 這種歡樂文怎麼也有人在酸,,
637,: 華語圈新興歌手大多屬於創作型歌手/樂,,
638,: 團 自己沒在聽 不要可憐了。,,
639,: 當初我是因為王彩樺的保庇才去找T-ara的,,
640,: 原版聽的耶。互相為對方吸引新客群啊 交流,,
641,: 成功,,
642,: 彩樺姐很讚,,
643,: 可能以為哈韓的都看不起台灣吧,,
644,: 這真的比MV好多了.........,,
645,: 現在滿腦子王彩樺,,
646,: 酒是暫時的舞伴,,
647,: 因為之前的留言 現在看到這舞都想到無挑==,,
648,: 編舞的運鏡呈現比MV真的好太多,,
649,: 這版真的美很多 請問那個歷代級製作,,
650,: 費的mv是發生什麼事,,
651,: 真的好抖音歌……,,
652,: MV把她拍的舞感好差，這版好多了,,
653,: 原版MV導演真的該喝農藥……,,
654,: 所以MV到底是怎麼完美捕捉到她最不協,,
655,: 調的瞬間XD,,
656,: 超美 美到哭 絕世美顏,,
657,: 這版好美 舞編的不錯啊,,
658,: 前面那台抓狂的鏡頭XDD,,
659,: 太美了，表情很好，跳得也好看；編舞隊,,
660,: 形不錯，每個隊形都在襯托她,,
661,: 表情超棒 這版的衣服也好看多了,,
662,: 那個蜈蚣陣跳得又比MV的更美QQ,,
663,: 這不是好看太多了嗎？MV真的拍的很爛而,,
664,: 且手腳不屬於她的感覺，粉絲還要硬護航,,
665,: 這個影片早放出來就不用粉絲嘴硬了,,
666,: 跳得還不錯 編舞有考量到長輩團 辛苦了,,
667,: 以後就是公園阿嬤的神曲了,,
668,: 這個編舞真的好太多，沒什麼技巧但就是,,
669,: 很好看,,
670,: 這才是我想像中的好包裝,,
671,: mv導演跟她有仇吧,,
672,: mv明明就很棒...那種帶獵奇感的造型才,,
673,: 是醍醐味...被罵紅色秋褲跟粉紅色那套,,
674,: 是最有趣最好看的....這套白色很美但,,
675,: 是就是她平常的唯美風格,,
676,: 呃 上面講成這樣還以為有好多少 結果舞,,
677,: 感看起來還是很差欸...,,
678,: 我是覺得她舞感就那樣不能強求xd 但這,,
679,: 版看起來很流暢 僵硬感大大降低,,
680,: 但歌實在太難聽了，中國廣場舞風,,
681,: 現在滿腦子都是『乾單啦～～』,,
682,: 有趣好看但被粉絲路人罵爆 這樣好嗎,,
683,: 我也不懂為什麼連粉絲都不接受...不過,,
684,: 我覺得最有趣的好看確實就是大家都不,,
685,: 喜歡的那幾套@@ 要罵大家罵阿，審美本,,
686,: 來就是多元的,,
687,: 舞蹈版的好看多了，原版的mv很像在鬧,,
688,: 原版我覺得還行，就單純沒感受到花,,
689,: 大錢有意見而已,,
690,: 好看 雙權也好讚,,
691,: Mv真的不知道在拍什麼 這好太多了,,
692,: 超美…,,
693,: 因為粉絲和路人以為會是唯美的花，看到,,
694,: 歌曲和MV的魔幻和獵奇才會難以接受吧，,,
695,: 不管如何她和公司選曲時應該都做好心理,,
696,: 準備了，推審美是多元的,,
697,: 這版的運鏡已經幫了很大的忙了 她力道,,
698,: 不足的地方靠鏡頭延伸感加強 很不錯啊,,
699,: 紅色褲襪那套一堆人嫌 但我也覺得滿好看XD,,
700,: 好美！,,
701,: mv那個搞笑的大鵬展翅舞蹈，看舞蹈版才,,
702,: 獵奇跟魔幻超讚...倒是幸好她沒繼續唯,,
703,: 美到底..這首的編舞本來就沒啥出彩點,,
704,: 發現實際上很唯美,,
705,: ，mv裡她的位移都有種卡卡的感覺，這,,
706,: 版修正很多（避開沒照），不過我真的,,
707,: 超愛手捲芭比粉花花....,,
708,: 而且她在這裡也正多了 mv的服裝跟妝…,,
709,: https://youtu.be/GCXICubo68o 小提琴版,,
710,: 覺得差最多的是表情和眼神，MV裡的表現實,,
711,: 在有點呆滯單一，她的歌舞表現力並沒有強,,
712,: 大到能撐起那種獵奇感，還是這樣比較適合,,
713,: 覺得mv 造型見仁見智，比較大問題在運,,
714,: 鏡和剪接,,
715,: 她的優勢就是臉蛋，偏偏mv又愛拉遠景拍她,,
716,: 僵硬的肢體跟詭異的造型,,
717,: 真的超美，運鏡也很強,,
718,: 蛤..粉紅色花花那幕她的表情明明就很,,
719,: 讚啊...（雖然其他的魔幻造型都在拍她,,
720,: 卡卡的遠景舞蹈課ㄎㄎ）,,
721,: 舞蹈版的運鏡跟編舞才有明確凸顯出‘‘,,
722,: 花’’的感覺,,
723,: 不過紅色絲襪確實是遠景才能拍的出亮,,
724,: 點啦~,,
725,: 也喜歡MV裡的造型，但是太多套切換反而,,
726,: 變得瑣碎,,
727,: MV沒有想營造什麼獵奇感吧… 如果真有所,,
728,: 謂獵奇目的 那是超級不合格欸……,,
729,: 獵奇、特殊美感，看你要用什麼形容詞,,
730,: 阿，但是目的很明顯是要跳脫以往她“,,
731,: 美”的框架,,
732,: 發現裡面有一位女舞者也很漂亮= =,,
733,: 我覺得不管換什麼形容詞都不會改變沒拍好,,
734,: 的本質…,,
735,: 喜歡紅色褲襪那套+1,,
736,: 是不是得罪MV導演0.0,,
737,: 不錯啦很洗腦～,,
738,: 不難聽啊 只是上次有推文寫感覺像台語歌,,
739,: 但真的很漂亮 整個畫面感都很優秀,,
740,: 感覺公司盡力cover 了 這整支舞幾乎都,,
741,: 是pose而已,,
742,: Jisoo加上權氏兄弟，美女俊男，舞蹈版更,,
743,: 加分,,
744,: MV拍沒有拍好見仁見智啦，不過大家這,,
745,: 麼罵MV造型忍不住出來說一下而已（果,,
746,: 然是我口味特殊）這版就把她臉蛋優勢,,
747,: 發揮的很好,,
748,: 看了幾遍光影打的真的很棒,,
749,: 老鷹帶小雞那段還是很謎,,
750,: 這版好多了,,
751,: 舞蹈重點：腋下,,
752,: 第一段副歌那眼神.表情控制，搭舞蹈動作,,
753,: 真的美瘋 救命...,,
754,: 什麼女舞者 沒看到w,,
755,: 還是很普啊,,
756,: 她的服裝和舞蹈真是一言難盡  尤其那龜派氣功,,
757,: 自從看到一段她演唱會上跳舞的片段,,
758,: 我就回不去了 一看到她跳舞就想到,,
759,: 不過 這版確實比MV好很多,,
760,: 比MV好，可是還是沒辦法很喜歡,,
761,: 我滿喜歡Jisoo的，單純這次solo沒中,,
762,: 路人覺得不是拍得好不好的問題欸，不管M,,
763,: V還是這支影片，就是會分心,,
764,: 注意其他事情像舞者和佈景等等，她的表,,
765,: 現力和存在感真的沒有很高。不過這支影,,
766,: 片絕對比MV好很多無庸置疑(求生慾覺醒),,
767,: 感覺她就是人蠻好的樣子(?)所以蠻親切有,,
768,: 好感，但get不到作為明星的魅力,,
769,: 只覺得好宣美感,,
770,: 彩樺姐、玫瑰瞳鈴眼、乾單啦、大腸、,,
771,: 張藝揮之不去,,
772,: 這版好看很多 那些說她肢體僵硬的酸,,
773,: 民可以閉嘴了,,
774,: 專心看動作還是跳得不怎麼樣，動態運,,
775,: 鏡救了一些,,
776,: 編舞真的悲劇，只看舞者們跳的也是尷,,
777,: 尬感,,
778,: 幾乎都是pose..真的可以再練得不要那,,
779,: 麼僵硬會更好的,,
780,: 這首給jennie應該可以跳出獨特的高,,
781,: 雅感 給jisoo就是秒變越南小曲,,
782,: 沒看過MV直接看這版本覺得真的舞感不,,
783,: 太好@@ 不難聽但真的滿抖音的，幸好臉,,
784,: 美,,
785,: 結果去看MV發現我比較喜歡MV……因為,,
786,: 妝造很酷畫面有怪誕感，表現力不足的,,
787,: 地方就沒那麼惹人注意，反而這版本美,,
788,: 美的在跳舞但編舞本身和她自己的舞感,,
789,: 又不夠美……,,
790,: MV根本沒有要營造什麼怪誕獵奇感好,,
791,: 嗎 請不要自行解讀錯誤,,
792,: MV裡的服裝真的很像什麼情趣衣服慘不,,
793,: 忍睹,,
794,: 這首聽幾次超勾人的 不知道為啥,,
795,: 呃不懂，對畫面的個人感受也可以說解,,
796,: 讀錯誤？是閱讀測驗有標準答案？,,
797,: 超美,,
798,: 歌很抖音QQ,,
799,: 早期覺得薇娟跟她的聲線很像，兩個人,,
800,: solo後才知道不一樣，也明白適合solo,,
801,: 的人是誰了,,
802,: MV我覺得不錯欸 很配這種時尚怪奇風,,
803,: 覺得有點難過，舞感不好的人那麼努力練,,
804,: 習跳到最好，動作還是僵硬…,,
805,: jisoo在裡面唱歌跳舞本來就是大家都知,,
806,: 道的那種程度…所以意料之中吧,,
807,: Dancer跳的好讚 智秀看臉就可以了XD,,
808,: 就天生舞感問題吧  無解,,
809,: 歌不難聽呀,,
810,: 個人覺得MV偏法式慵懶的風格XDDDDDD,,
811,: 一直在看手上的花是什麼構造XD,,
812,: 看推文以為超級僵硬 其實還行XD這版真,,
813,: 好看,,
814,: 我其實也覺得MV 的服裝蠻好看的   這版就,,
815,: 是大眾比較愛的公主風,,
816,: 這首歌完整性勝Lalisa 吧 混Trot曲風特別,,
817,: ，且韓國人就愛Trot 韓國人愛就好,,
818,: 其實比較想看舞台直拍表演,,
819,: 蠻喜歡MV那些比較特殊的服裝 第一眼會,,
820,: 覺得怪但越看越好看 MV比較可惜 如果,,
821,: 副歌不要只遠拍 有運鏡會更好,,
822,: 如果MV是劇情+這表演版就完美,,
823,: 真的拍得好好看 超正,,
824,: 討論度那麼高就先成功一半了,,
825,: 覺得選曲真的不好，很突顯她歌聲的缺點,,
826,: （我個人都覺得某些part有點刺耳…）中,,
827,: 間副歌旋律和舞蹈又都很民俗風，怪怪的,,
828,: 副歌歌曲本身&舞蹈真的很越南風...,,
829,: 不然要怎樣解讀才不是解讀錯誤？,,
830,: 拍MV的時候應該還沒練好 但臉隨時是完,,
831,: 成體XD,,
832,: 舞蹈版好好看,,
833,: 覺得副歌旋律很像兒歌（？ 但MV我也,,
834,: 覺得沒有拍得很好，這版好一點,,
835,: 秀以後還是美美代言就好…,,
836,: 人還是很美，但舞真的不行,,
837,: 舞蹈版還可以呀,,
838,: 她是運鏡型偶像嗎？如果沒有搭配運鏡感,,
839,: 覺會很乾...,,
840,: 唱跟舞都很糟糕 歌本身加上造型反而,,
841,: 是亮點 不然也沒什麼能誇的,,
842,: 這首明明覺得怪怪的 但超洗腦,,
843,: 還是尷尬滿滿，根本跟MV沒差別啊,,
844,: 這首真的超洗腦,,
845,: 洗腦,,
846,: MV有說不出的怪，這版好看多了,,
847,: pre chorus真的好聽 Jisoo很適合唱這,,
848,: 種要分離的詞哈哈,,
849,: 比MV好太多了,,
850,: 歌曲就是這樣沒法改 但運鏡補強舞蹈不足,,
851,: 還是很僵硬啊XDDD 但喜歡那個手心開花花,,
852,: 副歌其實已經滿簡單了 但她穿白色好明顯跟,,
853,: 後面dancer的拍子不一樣XDD,,
854,: 一直被權雙吸走XDDD權雙真的沒什麼舞不,,
855,: 能消化,,
856,: 雙權真的扭很好看 我也一直被吸走XD,,
857,: 這版動作和表情都比MV好多了 服裝和妝容也,,
858,: 是,,
859,: MV真的拍得很尷尬 尤其那套紅鶴裝......,,
860,: 鼻音滿重的 所以剛剛第一次點開聽30秒左,,
861,: 右關掉了,,
862,: 舞蹈版本副歌目光都被權氏雙胞胎的帥臉,,
863,: 吸走,,
864,: 舞蹈版運鏡和表情相比MV應該是差最多的,,
865,:  彌補了很多 其實MV的獵奇打扮很符合這首,,
866,: 歌啊,,
867,: 人很美 可是編舞還是一言難盡...,,
868,: 這個造型比較符合大眾口味 但舞真的好僵,,
869,: 硬,,
870,: 好幾幕很像irene,,
871,: 比MV好一點，但還是很普通，四肢很僵硬,,
872,: …而且我忍不住一直看權氏雙胞胎,,
873,: 美真的就贏了 很好看,,
874,: 才知道原來舞感是天生的...,,
875,: 雙權好可愛（歪樓）手臂貼滿遮刺青的膠,,
876,: 布XD,,
877,: Mv導演是不是想模仿星期三在舞會那種,,
878,: 怪奇感結果失敗,,
879,: 想弱弱地請問權氏雙胞胎是YG家的名,,
880,: 舞者嗎？覺得他們跳舞很好看，但網,,
881,: 路上查不太到有關他們的中文介紹QQ,,
882,: Jisoo問題跟Jolin一樣舞感不佳  沒隊友cov,,
883,: er缺點馬上放大 她律動對不上節點,,
884,: c大搜雙權兄弟應該很多吧，他們本來就,,
885,: 是名人級的舞者了，何況還參加了SMF,,
886,: 對照就曹薇娟mv專注在唱就好 說美我到覺得,,
887,: drive更美 flower只有看起來狠貴,,
888,: 真的有早期Jolin既視感，但同樣的編舞,,
889,: 老師，Jolin已經抓到這種風格怎麼讓自,,
890,: 己揚長避短,,
891,: 她們通病就是練制式舞看來還行 但跳這種吃,,
892,: 律動可以有自主freestyle的舞就會2266因為,,
893,: 本身底不好不知道模仿點在哪 但Jolin練10,,
894,: 年才進步 Jisoo 應該是沒那個10年給她練等,,
895,: 點開來看，原來這樣算好？？,,
896,: 其實也七年了 再練個三年就有了(誤),,
897,: 比起MV算好了啦，而且臉真的美,,
898,: 其實跳得還是很差，但運鏡的關係一直聚焦,,
899,: 在臉所以畫面舒服多了（已重播十次）,,
900,: 當然不好啊，那是因為有災難MV在前面相,,
901,: 對來說好一點，但也只是一點,,
902,: 昨天在小紅書上有刷到一個為什麼她跳,,
903,: 舞看起來僵硬的解析，其實只是很小的,,
904,: 細節(例如手指)但為什麼沒人去調整她,,
905,: 也是滿疑惑的,,
906,: 很殘酷的看 沒人去調整就是因為不需要,,
907,:  跳這樣就夠紅夠多人願意買單 那藝人本,,
908,: 身除非真的熱愛表演 否則大概也不會有動,,
909,: 力再去精進,,
910,: 同時在團體群舞是焦點會分散 很多細節更,,
911,: 可以輕輕放過,,
912,: 其實跟MV比起來算是好多了,,
913,: 她真的是舞感很差,,
914,: Yg也不是很盯舞蹈的公司吧，本人沒有,,
915,: 想加強的話可能就一直是這樣了,,
916,: 這個真的比MV好很多 MV應該算歷代級災難☺,,
917,: 原來很多人覺得有jolin 即視感XD但近年來Jo,,
918,: plin真的沒這麼明顯了,,
919,: 我覺得JISOO真的沒這麼差，沒大家說得這,,
920,: 麼誇張吧，演唱會我覺得他算比較認真用,,
921,: 力跳的了,,
922,: 就算他在團隊中跳舞比較不優秀，仍然比,,
923,: 很多人優秀，也賣得好，唱歌現場也是超,,
924,: 穩,,
925,: 她舞感或許沒有比其他三位好，但沒有到真,,
926,: 的很差吧XDD,,
927,: 在偶像界就真的滿差的吧,,
928,: 演唱會最認真一直都是Lisa 跟Rose吧 Y,,
929,: t 有人放整場的 另一個滑到連留言狂粉,,
930,: 都生氣,,
931,: 歌舞都很愛，舞蹈版除了權雙還有BK也很優,,
932,: ，Isak也很帥,,
933,: YGX編舞蠻多看起來很怪的舞步但又有說不,,
934,: 出來很吸引人的地方XD,,
935,: 在小紅書發解析的舞蹈家被粉絲出征了，,,
936,: 明明也不是有攻擊性的提出看法就被說是,,
937,: 黑，粉絲水準真的謝謝喔,,
938,: 這首歌跟舞蹈已經把她的唱跳實力發,,
939,: 揮的很好了吧 覺得蠻有特色的 舞蹈,,
940,: 也跟歌詞有合拍 只是這首歌偏亞洲,,
941,: 風不過MV卻是歐洲感覺有點衝突,,
942,: 還有我以為這首歌本來就是蜷川實花,,
943,: 風格誒,,
944,: 滿滿華麗惡趣味,,
945,: MV單看造型和畫面我都滿喜歡，但就把,,
946,: 她跳舞的缺點放到最大，真不知怎麼能,,
947,: 拍成這樣....,,
948,: 舞蹈版就有揚長避短，用鏡頭掩蓋很多,,
949,: 力道不足的地方,,
950,: 某樓可以回去小紅書聲援啊，一直拿他國事,,
951,: 務來這邊黑煩不煩,,
952,: 講粉絲到處出征就叫黑？之前看版上一直,,
953,: 講BP粉怎樣都覺得還好，這下可見識到了,,
954,: 奇怪 為什麼一直要把其他的地方的紛爭,,
955,: 搬來ptt講,,
956,: 小紅書不是中國人跟國中生在用的嗎？,,
957,: 粉絲水準謝謝喔這句滿不客氣的...,,
958,: 應該說小紅書上瘋子本來就偏多,,
959,: 演唱會四個人都很認真啊！不要只會看中,,
960,: 國人剪出來的片段,,
961,: 我看的是高雄站 整場的 台灣人錄的,,
962,: https://i.imgur.com/Tn4gDBn.jpg,,
963,: 還好我看319那場，4妞都超敬業整場超high,,
964,: 很好看啊 莫名洗腦,,
965,: 習慣就好啦，哪次不是把別的地方粉絲,,
966,: 發瘋搬來講，遇到BP微博跟小紅書突然,,
967,: 都可信了XDD,,
968,: 他有在跳嗎 整首都在擺pose啊 哈哈,,
969,: 來PTT抱怨小紅書的粉絲是不是搞錯了什麼,,
970,: XD 沒頭沒尾也沒搬文章就在幫原文作者說,,
971,: 話然後把粉絲一整群都打成不理性、出征,,
972,: ，要聲援原作者去小紅書更有效吧,,
973,: 美翻,,
974,: 什麼都很好人 服裝 髮型都很美 但是歌就…,,
975,: 臉美舞感差  演唱會看群舞就很明顯  推,,
976,: 出這版看完覺得也只是放大這點吧.. 不,,
977,: 過論歌的話  倒覺得這首曲很好聽,,
978,: 哪來絕美 笑死,,
979,: 不用講只有小紅書，這邊和迪卡也是國中,,
980,: 國小生在用？只要說不好看就被說是黑，,,
981,: 不存在合理討論,,
982,: 前面的推文我也一直說這版的拍的很好，,,
983,: 後面說了句小紅書怎樣怎樣就變成不理智,,
984,: 黑粉wwww我就問粉絲要切割的話那中輸銷,,
985,: 量要切割掉嗎？,,
986,: 麻煩您在別團粉絲切割腦粉的時候也去,,
987,: 義正嚴辭糾察喔,,
988,: 真愛東扯西扯，你要統計沒有中輸的銷量歡,,
989,: 迎啊這裡誰阻礙你了嗎？愛看中國論壇你去,,
990,: 看，不要想把戰火引過來ptt，就這麼簡單,,
991,: 小紅書那篇不算被出征吧，評論滑下來,,
992,: 還是很多支持老師的分析，當然也有反,,
993,: 對的，但總不能說粉絲不支持就是出征,,
994,: 吧，你還拿人家偶像當素材耶。說她蹭,,
995,: 熱度或自己也跳的不怎麼樣，說她不懂,,
996,: 正確編舞等，放在各個飯圈/各國討論區,,
997,: 都蠻常見的，還以為出征是什麼被檢舉,,
998,: 到刪號或刷嘔吐臉之類的咧,,
999,: 好可愛喔,,
1000,: 中國粉絲購買力超強 中輸超猛,,
1001,: 越聽越好聽 中邪了 連假repeat一千次以上,,
1002,: 中輸80萬真的猛 但後面還能衝20萬 以solo,,
1003,: 來說真的很屌 不知道初動最後能衝到什麼程,,
1004,: 度,,
1005,: 中輸80！！！,,
1006,: 一直吹歐美女團結果都中國人買的XD,,
1007,: 中輸有那麼多？正規二好像也沒那麼多,,
1008,: 的樣子,,
1009,: 難怪中國粉絲敢那麼凶,,
1010,: 我以為中國人比較愛Lisa,,
1011,: 中輸 哈哈 笑死,,
1012,: 然後過兩天辱華， 玻璃心又碎了,,
1013,: 推推推,,
1014,: 恭喜Jisoo！,,
1015,: Jisoo：簡單啦,,
1016,: 乾單啦XD,,
1017,: Lisa當年中輸大盤還沒起來又遇到清朗政策,,
1018,: ，如果有solo2應該會更好,,
1019,: 等LISA再出solo曲的時候，對岸應該又,,
1020,: 會拼到比這次成績高吧,,
1021,: 恭喜,,
1022,: 猛,,
1023,: 中輸80！！？？,,
1024,: 這紀錄應該只有他們自己破得了吧,,
1025,: 真的強！,,
1026,: 原來是中國女團，我還以為是歐美女,,
1027,: 團,,
1028,: 林英雄好強,,
1029,: 這次中輸這麼多？以為是歐美衝上來,,
1030,: 哈其實這首很好聽,,
1031,: 接下來中輸可能會破這個記錄的是seveteen,,
1032,: 好棒！哈,,
1033,: 中輸80萬？,,
1034,: Billboard Hot 100偶爾才低名次進去沾,,
1035,: 沾水，也是可以吹歐美大熱啊XD 大家各,,
1036,: 吹各的，齊頭並進,,
1037,: 感覺Lisa下次solo中輸應該不得了耶,,
1038,: 推推 期待拿到專輯,,
1039,: 上面有人提到辱華 其實回歸前已經被,,
1040,: 說偷文化了 但還是銷量高XD,,
1041,: 笑中輸的 自家團扣掉中輸想必銷量也很,,
1042,: 高？,,
1043,: 又有酸酸眼紅了哈哈,,
1044,: 我覺得Flower意外勾耳,,
1045,: 女團銷量要高 中輸也要高吧 jisoo在中,,
1046,: 國路人緣很好 被嘲就被嘲吧,,
1047,: 可是其他團又沒吹自己歐美很紅,,
1048,: 推推智秀！,,
1049,: 請問這串是有誰吹歐美很紅？,,
1050,: BP在歐美算紅的吧 演唱會不是開很多場又,,
1051,: 很大的地方  應該是中國的追星文化不一,,
1052,: 樣 她們喜歡集資衝銷量 給偶像足夠面子,,
1053,: 生日時也會集資送很多很貴的禮物,,
1054,: 是是是bp歐美不紅 下禮拜去科切拉美國,,
1055,: 人應該都在問這誰啊 f大開心了嗎 整天,,
1056,: 看你酸bp不累啊,,
1057,: 其他地方的粉絲可能就幾版本買幾個或要,,
1058,: 集小卡或抽簽售會,,
1059,: 很強 怪怪的但就越聽越被洗腦XD,,
1060,: 中輸也太高了吧？？？,,
1061,: 歌很怪但一直聽+1xd,,
1062,: 某樓看到BP文必來酸XD 好勤勞,,
1063,: 好啦不酸了，恭喜我們中國四閨女,,
1064,: 變成中國天團了,,
1065,: 恭喜jisoo,,
1066,: 真假怎麼知道 中輸的數據???,,
1067,: 他們都會統計阿,,
1068,: https://i.imgur.com/kkELyJe.jpg  某,,
1069,: 人：好啦不酸了,,
1070,: 想知道其他國家的銷量分布,,
1071,: 推Jisoo 好棒,,
1072,: 中輸對小團也很不錯,,
1073,: jisoo最晚solo，所以中資集資期間最,,
1074,: 長吧～從18年妮solo並放消息每個人,,
1075,: 都會出solo專的時候，中站就開始集,,
1076,: 資了。,,
1077,: 記得第一天H榜好像就已經80幾萬了，,,
1078,: 所以這些幾乎都是中輸（？,,
1079,: 歐美演唱會就看得出紅了啊，中國限韓只能,,
1080,: 買專啦,,
1081,: Fidelity 真的好可憐XD,,
1082,: 我真的崩潰了，以為我的偶像們是歐美,,
1083,: 時尚女團，結果是中國閨女，這樣好不,,
1084,: 潮，我要退坑了,,
1085,: 好了啦，別太崩潰了，吃個屋馬舒壓一下,,
1086,: 吧,,
1087,: 恭喜~歌很洗腦,,
1088,: 歌很卡腦XD,,
1089,: 中輸80真的很猛,,
1090,: 人在北美，BP的大眾度真的別團沒法比,,
1091,: 就不能也是歐美時尚女團，也是中國閨女,,
1092,: 嗎？眼界有夠小的XD,,
1093,: 歌真的洗腦，加上無限挑戰那個手勢，腦中,,
1094,: 一直有旋律，很可怕XD,,
1095,: 中輸80萬可以吃幾次屋馬？,,
1096,: 被樓上推文笑死XD，韓國音源也很好，恭喜,,
1097,: 退坑？ 先入坑好不XD,,
1098,: 先入坑一下再退啦！,,
1099,: 快爆氣叫中國人全部去吃屋馬,,
1100,: BP馬上就要在科切拉表演囉！世界級,,
1101,: 中國天團,,
1102,: 黑粉酸酸好可憐，歐美演唱會開爆眼瞎,,
1103,: 沒看到嗎？,,
1104,: 中輸87萬了，中輸百萬指日可待,,
1105,: 奇怪 怎麼反而是中國閨女要上柯切拉表,,
1106,: 演 而不是那些號稱進軍歐美的女團呢,,
1107,: 樓上說的那些女團是誰啊？,,
1108,: 某ID依舊可悲呢 這麼臭還可以不用被地圖炮,,
1109,: 好羨慕QQ,,
1110,: 中輸只要不汝滑 銷售就會很穩定,,
1111,: 拜託不要扯別團，想酸自己開一篇^^,,
1112,: 其實這首真的不錯，不知道為啥我一直,,
1113,: 逆風向XD,,
1114,: MV那種莫名病嬌的感覺也很酷,,
1115,: 中國粉絲真的是徹徹底底的韭菜耶 專輯幾乎,,
1116,: 都他們在買 卻看不到真人,,
1117,: BP目前在世界各區各國的大眾認知度真的沒法,,
1118,: 比的吧,,
1119,: 我倒覺得辱華應該也不怎麼會影響銷,,
1120,: 量 畢竟會罵的也不一定會買專,,
1121,: 而且他們之間競爭已經形成內部循環,,
1122,: 香港、澳門看得到啦,,
1123,: 中國女團好棒唷,,
1124,: MLB 的 L 終於不演了哦 直接地圖砲誒,,
1125,: 那個理性闢謠仔呢？,,
1126,: 我地圖砲什麼了？自認有理麻煩移步置底,,
1127,: 檢舉區，不用在這邊點名求戰好嗎？XD,,
1128,: 我覺得越聽越好聽耶 哈哈,,
1129,: 聽個幾次我就會唱了,,
1130,: 銷量中國 點閱東南亞 舞台歐美，各司其職,,
1131,: 買偶像的專輯沒啥好酸啦,,
1132,: 至少錢有拿出來XD,,
1133,: 中國銷量高或東南亞火紅都是好事,,
1134,: 這次音源很穩欸,,
1135,: 有賺錢才是真的 還管人賺美金還人民幣,,
1136,: 韓國公司喜歡在微博買熱搜不是沒道理的,,
1137,: 而且我在中國音樂app買Jisoo數位專輯才8,,
1138,: 元人民幣 這麼便宜 誰不買。周杰倫都全球,,
1139,: 銷售第一了 還不是靠中國,,
1140,: 一堆團都有中輸，酸中輸的還好嗎XD,,
1141,: 換算一下才30多元，竟然這麼便宜,,
1142,: 某f大：買專輯的錢不如拿去吃屋馬,,
1143,: 買數位專和實體專銷量不是一起算的吧，,,
1144,: 如果要買數位各國價格都差不多啊，只是,,
1145,: 臺灣已經是月費串流盛行的時代了,,
1146,: 笑死，中輸高講中國女團就氣到不行,,
1147,: 耶，當中國女團到底是多丟臉，崇洋,,
1148,: 到了極點,,
1149,: 對阿 中國女團就中國女團有什麼好丟臉,,
1150,: 的 看不起中國484,,
1151,: 一直辱華 然後中輸一職買 人氣一樣高,,
1152,: 笑死 推文到底誰在氣到不行中輸高？ 只,,
1153,: 看到有人反串說想飯歐美時尚結果飯成中,,
1154,: 輸要退坑啦,,
1155,: 被詐騙當然氣，以為是歐美女團結果是,,
1156,: 中國女團,,
1157,: 跟風去民主聖地高雄看演唱會的人發現,,
1158,: 看的是中國女團還不氣死,,
1159,: https://i.imgur.com/Vi3ngG7.jpg,,
1160,: 這篇是實體專輯 又不是數位專輯 到底在講,,
1161,: 啥XDDD,,
1162,: 覺得這次Jisoo solo成績蠻好的，音源,,
1163,: 和銷量都比預想中的好，恭喜～,,
1164,: 笑死，中輸就不是銷量喔，還是有分歐美,,
1165,: 的銷量比較高貴啦www分哪裡買的也是很鬧,,
1166,: 欸,,
1167,: 就很莫名其妙XD 自己愛團出solo時，H榜,,
1168,: 初動還不是有4、5成是中輸，該不會平常,,
1169,: 帶在中國多可憐又多委屈的風向久了，把,,
1170,: 自己也洗腦以為愛團真的不用靠中國了吧,,
1171,: 反正都別買，留下來吃屋馬看魔獸最划算,,
1172,: 酸東南亞跟中輸真心不解，講得彷彿哪團沒,,
1173,: 中輸然後MV點擊都靠歐美咧，這種難道本,,
1174,: 身不就是戴著有色眼鏡嗎追星還追出高貴感,,
1175,: 就對了,,
1176,: 別團銷量文 恭喜  bp銷量文 固定幾個,,
1177,: 黑酸出現開酸 到底誰比較愛in別人 會,,
1178,: 說東南亞人是猴子的說別人歧視中國 真,,
1179,: 好笑,,
1180,: 就平常可以把別團粉絲怎樣素質差掛嘴邊，,,
1181,: 碰到自家就懂得切割，不要上升到群體粉絲,,
1182,: 想到之前隔壁團也被狂酸中輸，結果有人回,,
1183,: 自己愛團solo中輸也高 那些ID就不見了，a,,
1184,: 一下就知道都是同一個族群 真巧,,
1185,: Jisoo：乾單啦 XDD,,
1186,: https://i.imgur.com/sOMCZ4Y.png,,
1187,: 酸東南亞也是差不多搞笑啦。BP東南亞爆,,
1188,: 幹強，不代表其他市場弱耶，麻煩自己Yo,,
1189,: uTube Chart打自己愛團名字拉12個月數,,
1190,: 據出來，看看美國觀看數有沒有跟BP在同,,
1191,: 一個量級好嗎？= =,,
1192,: 看不起東南亞跟中國的不是你們嗎，被,,
1193,: 講中國、東南亞女團的時候為什麼急著,,
1194,: 撇清,,
1195,: 到底是哪團的粉啦，快認領回去,,
1196,: 中輸80萬，哇那有抽中簽售的真的很強,,
1197,: 好好笑，一個罵其他種族是「猴子」的人,,
1198,: ，指責別人才是在看不起XD 你最棒！,,
1199,: 也是中國閨女，東南亞爆幹強 這些推文是看,,
1200,: 不到喔，哪裡有撇清；反倒是怪裡怪氣的說,,
1201,: 中國女團好不潮要退坑的才崇洋,,
1202,: https://i.imgur.com/GKvyU96.jpg 同一句,,
1203,: 話送給屋馬君餒，雖然還沒八年，但從18年,,
1204,: 酸到現在也真是長情啦,,
1205,: 財報屋馬迷是哪團粉應該很明顯吧哈哈，,,
1206,: 不過不知道被專業切割迷切割掉了沒,,
1207,: 沒必要歧視哪裡地區買得多，有銷量就,,
1208,: 很好啦，現在大部分用串流聽，買實體,,
1209,: 磚真的只是為了支持而已,,
1210,: 路人應該對BP意見不多 對LesBleus這種,,
1211,: 粉絲意見才多 純粹想讓他不好過吧,,
1212,: 有可能激怒他再等他公然道歉？我猜的,,
1213,: 之前他不也硬拗後道歉過嗎？,,
1214,: 真的是一隻手指指別人，四隻手指指自己,,
1215,: ，進來鬼扯一通然後說不是針對團體，是,,
1216,: 針對粉絲（挑釁引戰認證？）成天對別團,,
1217,: 文章倒垃圾的是哪族群，板上都看在眼裡,,
1218,: 喔。「我這種粉絲」可是沒有對你跟Fide,,
1219,: lity77的愛團有什麼指教，要不然向你這,,
1220,: 種會直接挑明就是衝著板友來的齁，早就,,
1221,: 送我進桶了啦,,
1222,: *像,,
1223,: 有些話實在不想講太直白，只能說某些人的,,
1224,: 行為這一兩年大家都看在眼裡欸^^,,
1225,: 先在文章裡面指手畫腳一番，再來說其實,,
1226,: 我沒意見啦哈哈，只是為了挑釁某版友，,,
1227,: 不得不說某團粉的硬凹邏輯真的有料喔，,,
1228,: 而且屋馬迷算哪來的路人啦,,
1229,: 根本是天朝天團欸,,
1230,: 只能說中國歌迷才是真愛 不掏錢買實體專輯,,
1231,: 算什麼粉絲,,
1232,: 人口基數差那麼多，哪團不是中輸多？,,
1233,: 爆,,
1234,: 是真的很強 中國韓國歐美東南亞人氣都高,,
1235,: 這首歌很有魔性 韓國音源也很亮眼,,
1236,: 真的很神奇 一開始聽很怪 後來就上癮了,,
1237,: 路人 一個人有沒有惡意很容易看出來 有惡,,
1238,: 意還硬要裝沒事 大家也沒有眼瞎,,
1239,: 恭喜~ \Jisoo/,,
1240,: 恭喜~ \Jisoo/   <3,,
1241,: 中輸真的猛，太強了,,
1242,: 沒有撇清啊，東南亞跟中國都很紅呀^^,,
1243,: 他們被小粉紅出征成那樣還不是站著賺，,,
1244,: 又不是跪著賺有什麼好酸的,,
1245,: 照酸民邏輯，以後有什麼品牌或商品被,,
